feature,importance_mean,importance_std
handles.nsection,0.05084291355099017,0.001704928372262918
handles.nkey,0.03620342826822605,0.002384394947629753
handles.nfile,0.03533440227046306,0.0033217864705275524
dlllist.avg_dlls_per_proc,0.017038215332757577,0.0017031904921979621
handles.nsemaphore,0.015908208273554447,0.002127122983419038
svcscan.nactive,0.01408948552376602,0.0010676737855232644
handles.nmutant,0.01349349210103068,0.0018127241883946032
malfind.commitCharge,0.009759206701972601,0.0016749551711086165
pslist.avg_threads,0.00941320146616793,0.0015291468529497385
callbacks.ncallbacks,0.00871710061137696,0.00175198125999527
handles.nevent,0.008259780684013607,0.001216910224937818
ldrmodules.not_in_init_avg,0.006543405306514716,0.0018928897146197274
dlllist.ndlls,0.006468314265367403,0.0009734291665889883
malfind.uniqueInjections,0.0062567505760146355,0.0014042822521853886
ldrmodules.not_in_load_avg,0.006027704378873322,0.0014949942649154623
svcscan.nservices,0.005899238826477471,0.0018795972980646491
ldrmodules.not_in_mem_avg,0.005648886008666176,0.001213499113240857
malfind.ninjections,0.005210724638478525,0.0012338366237289293
svcscan.shared_process_services,0.005096835382079401,0.0011016376329916332
ldrmodules.not_in_load,0.004581226679822037,0.0015824371720424856
svcscan.kernel_drivers,0.004450367550620704,0.0011290428495075039
malfind.protection,0.004442495422028392,0.0009615148876472673
pslist.nppid,0.002657806295485421,0.0009263460220261626
ldrmodules.not_in_mem,0.0022228874065844616,0.002218683064384654
handles.ntimer,0.0009041914471274115,0.0008074991130219693
handles.avg_handles_per_proc,0.0006595043550842838,0.0017882214777108644
callbacks.nanonymous,0.0005595244958212398,2.0910063489365526e-06
callbacks.ngeneric,0.0,0.0
svcscan.interactive_process_services,0.0,0.0
psxview.not_in_eprocess_pool_false_avg,0.0,0.0
handles.nport,0.0,0.0
pslist.nprocs64bit,0.0,0.0
svcscan.fs_drivers,0.0,0.0
psxview.not_in_eprocess_pool,0.0,0.0
modules.nmodules,-7.864331038708317e-05,0.00010257527265325975
psxview.not_in_deskthrd_false_avg,-0.00017378216175419902,0.0010874915717259586
svcscan.process_services,-0.0001849315655817696,0.000365317224035522
psxview.not_in_pspcid_list,-0.0004748212475521263,0.0005589570411779633
handles.ndirectory,-0.0005554578054969394,0.0007293776570940267
psxview.not_in_pslist_false_avg,-0.000618326904794364,0.000769387973996356
psxview.not_in_pslist,-0.0007053359010184112,0.00043397773149792966
psxview.not_in_session,-0.000721636186790553,0.0009397872902151316
handles.ndesktop,-0.0009286720747220034,0.0006823160547543842
psxview.not_in_pspcid_list_false_avg,-0.001037870165599719,0.0006370743489278075
psxview.not_in_ethread_pool,-0.0010531070875929415,0.0007731088306784542
ldrmodules.not_in_init,-0.0010769693824026483,0.0007624989062879563
pslist.avg_handlers,-0.0011112342922103059,0.0015024365019700892
pslist.nproc,-0.0012413986534519639,0.0006616812991651133
psxview.not_in_csrss_handles_false_avg,-0.0013112378683538318,0.0009307205483690119
psxview.not_in_csrss_handles,-0.0013139564360759247,0.0007299938456803701
psxview.not_in_ethread_pool_false_avg,-0.001341260882385642,0.0008124303121640851
psxview.not_in_deskthrd,-0.0013432007696738135,0.0009606774096140645
handles.nhandles,-0.0015700100070099366,0.0011917643859019158
psxview.not_in_session_false_avg,-0.0018920357308644608,0.0010386281284837649
handles.nthread,-0.003587106095183168,0.0013956147337602935
