feature,gini_importance
handles.nkey,0.050522785612916586
handles.nevent,0.04559360881845421
handles.nsection,0.0455568018019929
handles.nfile,0.045039831826048
handles.avg_handles_per_proc,0.04440811495324395
pslist.avg_handlers,0.04272206290863931
dlllist.avg_dlls_per_proc,0.04246515444767081
ldrmodules.not_in_mem_avg,0.04137603534147874
handles.nhandles,0.04123859572438793
ldrmodules.not_in_init_avg,0.04093839793788315
ldrmodules.not_in_load_avg,0.04036383256645629
handles.nthread,0.03868354326795771
pslist.avg_threads,0.036241479580210886
dlllist.ndlls,0.035937682900402515
handles.nsemaphore,0.03349630156565665
handles.nmutant,0.030587274870747846
malfind.commitCharge,0.021603547689137484
ldrmodules.not_in_mem,0.018944468977939367
ldrmodules.not_in_load,0.017965759418267467
malfind.protection,0.017120458931939652
malfind.ninjections,0.01671026021120014
callbacks.ncallbacks,0.016411290872428222
malfind.uniqueInjections,0.015576758128877403
ldrmodules.not_in_init,0.015267856793342152
svcscan.nservices,0.013811513585862713
psxview.not_in_deskthrd_false_avg,0.013274200140231127
svcscan.nactive,0.01216251689605139
handles.ntimer,0.01193432923287206
svcscan.shared_process_services,0.01192575954079131
psxview.not_in_csrss_handles_false_avg,0.011287410175289312
pslist.nppid,0.010781272229581989
psxview.not_in_session_false_avg,0.010664791042331992
svcscan.kernel_drivers,0.010490810538372848
handles.ndirectory,0.01012313708906098
psxview.not_in_ethread_pool_false_avg,0.010057255123963008
psxview.not_in_deskthrd,0.00931899034486758
psxview.not_in_pslist_false_avg,0.008892905270571964
psxview.not_in_pspcid_list_false_avg,0.008767253167527134
pslist.nproc,0.00811867633130918
psxview.not_in_csrss_handles,0.007519171938819585
psxview.not_in_ethread_pool,0.007492354978379722
psxview.not_in_session,0.006776202396928179
psxview.not_in_pslist,0.006771950816484379
psxview.not_in_pspcid_list,0.006665085004793018
handles.ndesktop,0.00612289777411568
svcscan.process_services,0.0016537195148385094
callbacks.nanonymous,0.0002886816328959642
modules.nmodules,0.0001413564877786025
psxview.not_in_eprocess_pool_false_avg,7.66400138823522e-05
psxview.not_in_eprocess_pool,5.7824651001489106e-05
callbacks.ngeneric,2.7776145014243072e-05
svcscan.fs_drivers,2.36127891042457e-05
pslist.nprocs64bit,0.0
handles.nport,0.0
svcscan.interactive_process_services,0.0
